<?xml version="1.0" encoding="UTF-8"?>
<project-private xmlns="http://www.netbeans.org/ns/project-private/1">
    <editor-bookmarks xmlns="http://www.netbeans.org/ns/editor-bookmarks/2" lastBookmarkId="0"/>
    <open-files xmlns="http://www.netbeans.org/ns/projectui-open-files/2">
        <group>
            <file>file:/G:/New%20folder/parkingSpot/src/parkingspot/Signin_pageController.java</file>
            <file>file:/G:/New%20folder/parkingSpot/src/parkingspot/signin_page.fxml</file>
            <file>file:/G:/New%20folder/parkingSpot/src/parkingspot/ParkingSpot.java</file>
            <file>file:/G:/New%20folder/parkingSpot/src/parkingspot/signup_page.fxml</file>
            <file>file:/G:/New%20folder/parkingSpot/src/parkingspot/Signup_pageController.java</file>
            <file>file:/G:/New%20folder/parkingSpot/src/parkingspot/mainpage.fxml</file>
            <file>file:/G:/New%20folder/parkingSpot/src/parkingspot/MainpageController.java</file>
        </group>
    </open-files>
</project-private>
